[
  {"nome":"Helena Santos","id":"m1","ocupado":false,"doente":null,"inicio_consulta":0.0,"fim_consulta":0.0,"especialidade":"Cardiologia","inicio_turno":0,"fim_turno":430},
  {"nome":"Maria Coutinho","id":"m3","ocupado":false,"doente":null,"inicio_consulta":0.0,"fim_consulta":0.0,"especialidade":"Cardiologia","inicio_turno":290,"fim_turno":720},

  {"nome":"António Carvalho","id":"m6","ocupado":false,"doente":null,"inicio_consulta":0.0,"fim_consulta":0.0,"especialidade":"Pediatria","inicio_turno":0,"fim_turno":430},
  {"nome":"Gonçalo Moreira","id":"m8","ocupado":false,"doente":null,"inicio_consulta":0.0,"fim_consulta":0.0,"especialidade":"Pediatria","inicio_turno":290,"fim_turno":720},

  {"nome":"Helena Brandão","id":"m11","ocupado":false,"doente":null,"inicio_consulta":0.0,"fim_consulta":0.0,"especialidade":"Dermatologia","inicio_turno":0,"fim_turno":430},
  {"nome":"Susana Faria","id":"m12","ocupado":false,"doente":null,"inicio_consulta":0.0,"fim_consulta":0.0,"especialidade":"Dermatologia","inicio_turno":290,"fim_turno":720},

  {"nome":"Diogo Serrano","id":"m13","ocupado":false,"doente":null,"inicio_consulta":0.0,"fim_consulta":0.0,"especialidade":"Gastroenterologia","inicio_turno":0,"fim_turno":430},

  {"nome":"Ângela Correia","id":"m15","ocupado":false,"doente":null,"inicio_consulta":0.0,"fim_consulta":0.0,"especialidade":"Pneumonologia","inicio_turno":0,"fim_turno":430},
  {"nome":"Leonor Leitão","id":"m16","ocupado":false,"doente":null,"inicio_consulta":0.0,"fim_consulta":0.0,"especialidade":"Pneumonologia","inicio_turno":290,"fim_turno":720},

  {"nome":"Carolina Duarte","id":"m18","ocupado":false,"doente":null,"inicio_consulta":0.0,"fim_consulta":0.0,"especialidade":"Endocrinologia","inicio_turno":290,"fim_turno":720},

  {"nome":"Patrícia Gomes","id":"m19","ocupado":false,"doente":null,"inicio_consulta":0.0,"fim_consulta":0.0,"especialidade":"Ortopedia","inicio_turno":0,"fim_turno":430},
  {"nome":"André Moreto","id":"m21","ocupado":false,"doente":null,"inicio_consulta":0.0,"fim_consulta":0.0,"especialidade":"Ortopedia","inicio_turno":290,"fim_turno":720},

  {"nome":"Bruno Machado","id":"m24","ocupado":false,"doente":null,"inicio_consulta":0.0,"fim_consulta":0.0,"especialidade":"Neurologia","inicio_turno":0,"fim_turno":430},
  {"nome":"Mafalda Nunes","id":"m25","ocupado":false,"doente":null,"inicio_consulta":0.0,"fim_consulta":0.0,"especialidade":"Neurologia","inicio_turno":290,"fim_turno":720},

  {"nome":"Carlos Pinto","id":"m26","ocupado":false,"doente":null,"inicio_consulta":0.0,"fim_consulta":0.0,"especialidade":"Ginecologia e Obstetrícia","inicio_turno":0,"fim_turno":430},
  {"nome":"Hélder Soares","id":"m28","ocupado":false,"doente":null,"inicio_consulta":0.0,"fim_consulta":0.0,"especialidade":"Ginecologia e Obstetrícia","inicio_turno":290,"fim_turno":720},

  {"nome":"Isabel Manso","id":"m31","ocupado":false,"doente":null,"inicio_consulta":0.0,"fim_consulta":0.0,"especialidade":"Psiquiatria","inicio_turno":0,"fim_turno":430},
  {"nome":"Ricardo Marques","id":"m32","ocupado":false,"doente":null,"inicio_consulta":0.0,"fim_consulta":0.0,"especialidade":"Psiquiatria","inicio_turno":290,"fim_turno":720},

  {"nome":"Sara Veloso","id":"m33","ocupado":false,"doente":null,"inicio_consulta":0.0,"fim_consulta":0.0,"especialidade":"Medicina Geral","inicio_turno":0,"fim_turno":430},
  {"nome":"Tiago Morais","id":"m34","ocupado":false,"doente":null,"inicio_consulta":0.0,"fim_consulta":0.0,"especialidade":"Medicina Geral","inicio_turno":0,"fim_turno":430},
  {"nome":"Rodrigo Esteves","id":"m35","ocupado":false,"doente":null,"inicio_consulta":0.0,"fim_consulta":0.0,"especialidade":"Medicina Geral","inicio_turno":290,"fim_turno":720},
  {"nome":"Vitória Ramos","id":"m36","ocupado":false,"doente":null,"inicio_consulta":0.0,"fim_consulta":0.0,"especialidade":"Medicina Geral","inicio_turno":0,"fim_turno":430},
  {"nome":"Bruna Freitas","id":"m37","ocupado":false,"doente":null,"inicio_consulta":0.0,"fim_consulta":0.0,"especialidade":"Medicina Geral","inicio_turno":290,"fim_turno":720}
]



